{
    "classification": {
        "auc_roc": {
            "logical_anomalies": 0.7735849056603774,
            "mean": 0.858270455796081,
            "structural_anomalies": 0.9429560059317844
        }
    },
    "localization": {
        "auc_spro": {
            "logical_anomalies": {
                "0.05": 0.6475341728626572
            },
            "mean": {
                "0.05": 0.768949051330999
            },
            "structural_anomalies": {
                "0.05": 0.8903639297993408
            }
        }
    }
}